{
    "articulos":[
        {
            "nombre":"manzana",
            "precio":"1.10 €/kg"
        },
        {
            "nombre":"pera",
            "precio":"1.40 €/kg"
        },
        {
            "nombre":"fresa",
            "precio":"1.60 €/kg"
        },
        {
            "nombre":"platano",
            "precio":"1.15 €/kg"
        },
        {
            "nombre":"patatas",
            "precio":"1.20 €/kg"
        },
        {
            "nombre":"judias",
            "precio":"1.30 €/kg"
        },
        {
            "nombre":"limon",
            "precio":"0.90 €/kg"
        }
    ]
}